Peptide,Length,ProteinID,Fragment 1,Match 1 Start,Match 1 Stop,Cis Distance,Fragment 2,Match 2 Start,Match 2 Stop,Scan,ALCScore,Origin,ParentID,Direction
KLMHVR,6,O43674,KLMHVR,158,163,N/A,N/A,N/A,N/A,4978,74,de novo DB-matched,5aa3fae6-dcbf-4006-ac30-b00b7faa9860,N/A
THTTMSGVAHR,11,P05166,THTTMSGVAHR,249,259,N/A,N/A,N/A,N/A,4988,75,de novo DB-matched,5b9a4443-c14e-4cc9-b33e-87ad9adbed2a,N/A
LKQLEEQTKK,10,P26038,LKQIEEQTKK,351,360,N/A,N/A,N/A,N/A,5008,71,de novo DB-matched,bccd6ad8-bd9e-4513-a703-0b688050284b,N/A
KFCKDVVSNKK,11,P16662,KFCKDVVSNKK,125,135,N/A,N/A,N/A,N/A,5006,82,de novo DB-matched,b0c32945-1275-42e6-88e5-da91698162c9,N/A
VLLQGKGDSEHKR,13,P35579,VLLQGKGDSEHKR,1235,1247,N/A,N/A,N/A,N/A,4991,88,de novo DB-matched,54426c52-9d00-4002-a00e-bd95f68c9ce6,N/A
VKENFDKAR,9,P02753,VKENFDKAR,29,37,N/A,N/A,N/A,N/A,5179,76,de novo DB-matched,51846d44-57ab-42d6-a5cc-bb524e67448a,N/A
VKENFDKAR,9,P02753,VKENFDKAR,29,37,N/A,N/A,N/A,N/A,5239,68,de novo DB-matched,417c9467-7f50-4f8e-8bab-136f01d9deac,N/A
HHVLHDQNVDKR,12,Q02218,HHVLHDQNVDKR,687,698,N/A,N/A,N/A,N/A,4610,97,de novo DB-matched,3b00c283-b023-4290-b364-d1e935912939,N/A
LLAHQKPPKEK,11,P17858,LLAHQKPPKEK,387,397,N/A,N/A,N/A,N/A,4792,84,de novo DB-matched,56f6c94a-48a3-41c6-bb1d-957b8e54956e,N/A
THTTMSGVAHR,11,P05166,THTTMSGVAHR,249,259,N/A,N/A,N/A,N/A,4970,53,de novo DB-matched,e222c793-e94e-4f99-820b-730fd0d344ec,N/A
LLAHQKPPKEK,11,P17858,LLAHQKPPKEK,387,397,N/A,N/A,N/A,N/A,4825,82,de novo DB-matched,e5b383cf-8b5f-4032-b27e-96950d112773,N/A
KDAHSTLLSKK,11,Q9BPW8,KDAHSTLLSKK,56,66,N/A,N/A,N/A,N/A,4897,52,de novo DB-matched,82d16b93-ef07-4759-be9e-928098ff659a,N/A
VHKPPKVQEK,10,O43707,VHKPPKVQEK,341,350,N/A,N/A,N/A,N/A,4165,63,de novo DB-matched,89a37cff-853e-460c-a462-f63a9798eb22,N/A
RRVEHHDHAVVSGR,14,O95831,RRVEHHDHAVVSGR,450,463,N/A,N/A,N/A,N/A,4111,90,de novo DB-matched,39da81b5-1d06-47cd-bcb9-d2daf2064f95,N/A
FKNKVPEKQK,10,O60397,FKNKVPEKQK,24,33,N/A,N/A,N/A,N/A,4195,67,de novo DB-matched,0e9c1d09-a567-4a99-8ad7-876c450cb232,N/A
FKNKVPEKQK,10,P14406,FKNKVPEKQK,24,33,N/A,N/A,N/A,N/A,4195,67,de novo DB-matched,0e9c1d09-a567-4a99-8ad7-876c450cb232,N/A
SLSEGHPTAQHEK,13,P49748,SLSEGHPTAQHEK,588,600,N/A,N/A,N/A,N/A,4636,65,de novo DB-matched,2e604df1-1409-4b3a-b61c-3f908dc573d1,N/A
DLKEEHLKK,9,Q8N4T8,DLKEEHLKK,188,196,N/A,N/A,N/A,N/A,5037,84,de novo DB-matched,4607c617-b49e-4c8b-8999-5e49bb40893d,N/A
KHNLLASK,8,Q01082,KHNLLASK,1478,1485,N/A,N/A,N/A,N/A,5023,58,de novo DB-matched,433a42ba-614f-4199-ac3d-76b24f5bbca2,N/A
VLAHGKDHPTAATK,14,P11498,VIAHGKDHPTAATK,429,442,N/A,N/A,N/A,N/A,4264,74,de novo DB-matched,62913dfa-f013-4627-a2da-6f4aea81472f,N/A
KDAHSTLLSKK,11,Q9BPW8,KDAHSTLLSKK,56,66,N/A,N/A,N/A,N/A,4803,83,de novo DB-matched,fbd451d7-4597-498e-bbac-9bce18f6e4fa,N/A
LKTKENLEK,9,Q6NZI2,LKTKENLEK,257,265,N/A,N/A,N/A,N/A,4887,56,de novo DB-matched,fe1499b2-5951-4bd7-8e0f-2c7885d51e5d,N/A
HVTSTNKESEKYR,13,Q9UJW2,HVTSTNKESEKYR,394,406,N/A,N/A,N/A,N/A,4242,60,de novo DB-matched,7fc52eb2-d6dc-40e9-9994-002254927ffe,N/A
VLAHGKDHPTAATK,14,P11498,VIAHGKDHPTAATK,429,442,N/A,N/A,N/A,N/A,4313,60,de novo DB-matched,a4e2edd3-2b46-4055-8039-fac9cb482bef,N/A
KCSTPEELKKR,11,P60981,KCSTPEEIKKR,22,32,N/A,N/A,N/A,N/A,4411,70,de novo DB-matched,82ace45f-60c3-4b9f-929e-b63032cfc960,N/A
HHVLHDQNVDKR,12,Q02218,HHVLHDQNVDKR,687,698,N/A,N/A,N/A,N/A,4609,81,de novo DB-matched,9d9c10eb-934b-4757-a267-1503f0199f8b,N/A
VLLQGKGDSEHKR,13,P35579,VLLQGKGDSEHKR,1235,1247,N/A,N/A,N/A,N/A,4992,77,de novo DB-matched,cde4d9b4-4afc-4f7c-b250-5ab91b9d5676,N/A
RVEHHDHAVVSGR,13,O95831,RVEHHDHAVVSGR,451,463,N/A,N/A,N/A,N/A,4112,79,de novo DB-matched,bc097771-b364-4970-adbe-42582ea8adfa,N/A
HHVLHDQNVDKR,12,Q02218,HHVLHDQNVDKR,687,698,N/A,N/A,N/A,N/A,4648,81,de novo DB-matched,1d66c117-b473-4e26-ba51-791d8e54c0b3,N/A
KMVHGVYKK,9,O95139,KMVHGVYKK,59,67,N/A,N/A,N/A,N/A,4440,52,de novo DB-matched,9e0cc531-5c82-4e76-8175-e4ff83026f9a,N/A
KAFLRK,6,Q9UIC8,KAFLRK,82,87,N/A,N/A,N/A,N/A,4871,70,de novo DB-matched,d207d3ae-df36-4287-8796-2ac50135c17b,N/A
KAFLRK,6,Q96JP2,KAFLRK,1113,1118,N/A,N/A,N/A,N/A,4871,70,de novo DB-matched,d207d3ae-df36-4287-8796-2ac50135c17b,N/A
KAFLRK,6,P17032,KAFLRK,390,395,N/A,N/A,N/A,N/A,4871,70,de novo DB-matched,d207d3ae-df36-4287-8796-2ac50135c17b,N/A
KAFLRK,6,P17021,KAFLRK,281,286,N/A,N/A,N/A,N/A,4871,70,de novo DB-matched,d207d3ae-df36-4287-8796-2ac50135c17b,N/A
VLLQGKGDSEHKR,13,P35579,VLLQGKGDSEHKR,1235,1247,N/A,N/A,N/A,N/A,5086,83,de novo DB-matched,6331a356-33d5-4370-a904-232036737abf,N/A
AKFLKR,6,Q8TB22,AKFLKR,536,541,N/A,N/A,N/A,N/A,4871,72,de novo DB-matched,e6a4a898-4448-4af1-9eea-1a4657f6553e,N/A
KAFLKR,6,Q9H9B4,KAFLKR,254,259,N/A,N/A,N/A,N/A,4871,94,de novo DB-matched,361735cb-23b9-44e8-9a3a-2d1cc679233f,N/A
KAFKLR,6,Q8IZT6,KAFKIR,2636,2641,N/A,N/A,N/A,N/A,4871,53,de novo DB-matched,336fe838-9ac1-411b-bdbf-c69c96a55acd,N/A
KAFKLR,6,P78424,KAFKIR,489,494,N/A,N/A,N/A,N/A,4871,53,de novo DB-matched,336fe838-9ac1-411b-bdbf-c69c96a55acd,N/A
HKEAFLKK,8,P36957,HKEAFLKK,266,273,N/A,N/A,N/A,N/A,4738,71,de novo DB-matched,f0c44efd-7bd0-4ffe-bc8f-5342f801b42c,N/A
HHVLHDQNVDKR,12,Q02218,HHVLHDQNVDKR,687,698,N/A,N/A,N/A,N/A,4580,76,de novo DB-matched,b999a75f-84a4-468f-b6dd-20ed48c30d1b,N/A
RRVEHHDHAVVSGR,14,O95831,RRVEHHDHAVVSGR,450,463,N/A,N/A,N/A,N/A,4083,56,de novo DB-matched,8f500e5c-40ac-445c-9da8-ec6676240fa8,N/A
YVSHGATGKGNDQVR,15,P00966,YVSHGATGKGNDQVR,113,127,N/A,N/A,N/A,N/A,4735,91,de novo DB-matched,2d275ff4-d709-444a-8e58-100b647a3150,N/A
VLLQGKGDSEHKR,13,P35579,VLLQGKGDSEHKR,1235,1247,N/A,N/A,N/A,N/A,5030,99,de novo DB-matched,61fe704c-6024-4a60-80a7-1b42905a985b,N/A
YVSHGATGKGNDQVR,15,P00966,YVSHGATGKGNDQVR,113,127,N/A,N/A,N/A,N/A,4709,79,de novo DB-matched,d1cbe5c8-7392-4c7f-b5d0-f2743f56c576,N/A
YVSHGATGKGNDQVR,15,P00966,YVSHGATGKGNDQVR,113,127,N/A,N/A,N/A,N/A,4815,75,de novo DB-matched,76e6c380-66b4-402f-a1b3-f112b78daf60,N/A
FDHLRK,6,P52907,FDHLRK,98,103,N/A,N/A,N/A,N/A,4835,60,de novo DB-matched,adb24645-b4b5-493a-97ce-106b828b8d81,N/A
FDHLRK,6,P47755,FDHLRK,98,103,N/A,N/A,N/A,N/A,4835,60,de novo DB-matched,adb24645-b4b5-493a-97ce-106b828b8d81,N/A
VLLQGKGDSEHKR,13,P35579,VLLQGKGDSEHKR,1235,1247,N/A,N/A,N/A,N/A,4981,72,de novo DB-matched,b0df774e-0ded-4920-807f-0274de8c0225,N/A
MKENHEFDGKK,11,O14975,MKENHEFDGKK,531,541,N/A,N/A,N/A,N/A,4559,91,de novo DB-matched,1d10775c-e940-405d-a0ad-ac5610d24810,N/A
HHVLHDQNVDKR,12,Q02218,HHVLHDQNVDKR,687,698,N/A,N/A,N/A,N/A,4649,94,de novo DB-matched,ad514240-e430-4841-ac2c-a4a8ec029200,N/A
HLHLR,5,Q3KP22,HLHLR,202,206,N/A,N/A,N/A,N/A,5251,51,de novo DB-matched,4b22c479-173f-44de-ac58-d3d3b66c4567,N/A
HLHLR,5,P0C0L4,HLHLR,834,838,N/A,N/A,N/A,N/A,5251,51,de novo DB-matched,4b22c479-173f-44de-ac58-d3d3b66c4567,N/A
HLHLR,5,P0C0L5,HLHLR,834,838,N/A,N/A,N/A,N/A,5251,51,de novo DB-matched,4b22c479-173f-44de-ac58-d3d3b66c4567,N/A
HLHLR,5,Q8IZD9,HLHLR,864,868,N/A,N/A,N/A,N/A,5251,51,de novo DB-matched,4b22c479-173f-44de-ac58-d3d3b66c4567,N/A
HLHLR,5,O94887,HLHLR,43,47,N/A,N/A,N/A,N/A,5251,51,de novo DB-matched,4b22c479-173f-44de-ac58-d3d3b66c4567,N/A
HLHLR,5,Q99988,HLHLR,100,104,N/A,N/A,N/A,N/A,5251,51,de novo DB-matched,4b22c479-173f-44de-ac58-d3d3b66c4567,N/A
HLHLR,5,Q14833,HLHLR,498,502,N/A,N/A,N/A,N/A,5251,51,de novo DB-matched,4b22c479-173f-44de-ac58-d3d3b66c4567,N/A
HLHLR,5,P09960,HLHLR,21,25,N/A,N/A,N/A,N/A,5251,51,de novo DB-matched,4b22c479-173f-44de-ac58-d3d3b66c4567,N/A
HLHLR,5,Q03164,HLHLR,2369,2373,N/A,N/A,N/A,N/A,5251,51,de novo DB-matched,4b22c479-173f-44de-ac58-d3d3b66c4567,N/A
HLHLR,5,Q6ZVD8,HLHLR,643,647,N/A,N/A,N/A,N/A,5251,51,de novo DB-matched,4b22c479-173f-44de-ac58-d3d3b66c4567,N/A
HLHLR,5,Q8IY17,HLHLR,922,926,N/A,N/A,N/A,N/A,5251,51,de novo DB-matched,4b22c479-173f-44de-ac58-d3d3b66c4567,N/A
HLHLR,5,B1AK76,HLHLR,7,11,N/A,N/A,N/A,N/A,5251,51,de novo DB-matched,4b22c479-173f-44de-ac58-d3d3b66c4567,N/A
HLHLR,5,Q96PQ0,HLHLR,502,506,N/A,N/A,N/A,N/A,5251,51,de novo DB-matched,4b22c479-173f-44de-ac58-d3d3b66c4567,N/A
HLHLR,5,A2RRD8,HLHLR,145,149,N/A,N/A,N/A,N/A,5251,51,de novo DB-matched,4b22c479-173f-44de-ac58-d3d3b66c4567,N/A
LKQLEEQTKK,10,P26038,LKQIEEQTKK,351,360,N/A,N/A,N/A,N/A,4911,84,de novo DB-matched,2bbd8532-1124-4488-a13a-d06076a375ef,N/A
DKCEPLEKQHEKER,14,P02763,DKCEPLEKQHEKER,181,194,N/A,N/A,N/A,N/A,4448,78,de novo DB-matched,b1d956da-a5f0-479c-8f0b-bfc5b0170655,N/A
DKCEPLEKQHEKER,14,P19652,DKCEPLEKQHEKER,181,194,N/A,N/A,N/A,N/A,4448,78,de novo DB-matched,b1d956da-a5f0-479c-8f0b-bfc5b0170655,N/A
HHLLR,5,O95876,HHLLR,579,583,N/A,N/A,N/A,N/A,5251,52,de novo DB-matched,64707d6b-ae78-48d7-bca6-f3dffefa4b66,N/A
HHLLR,5,P57678,HHLLR,321,325,N/A,N/A,N/A,N/A,5251,52,de novo DB-matched,64707d6b-ae78-48d7-bca6-f3dffefa4b66,N/A
HHLLR,5,Q14997,HHLLR,722,726,N/A,N/A,N/A,N/A,5251,52,de novo DB-matched,64707d6b-ae78-48d7-bca6-f3dffefa4b66,N/A
HHLLR,5,Q13428,HHLLR,16,20,N/A,N/A,N/A,N/A,5251,52,de novo DB-matched,64707d6b-ae78-48d7-bca6-f3dffefa4b66,N/A
